{"loss":1.6328843832015991,"_timestamp":1.7684638185727956e+09,"_runtime":34.697776841,"_wandb":{"runtime":34},"_step":199,"step":19900,"acc":48.20987654320987}