{"_runtime":32.786914895,"_step":0,"_wandb":{"runtime":32},"step":0,"acc":48.23456790123457,"loss":0,"_timestamp":1.7684664521121156e+09}