{"_timestamp":1.768442290432457e+09,"_runtime":32.40660479,"_step":0,"step":0,"_wandb":{"runtime":32},"acc":48.23456790123457,"loss":0}