{"_step":2075,"step":199900,"acc":82.24691358024691,"_wandb":{"runtime":9656},"loss":0.15838253498077393,"_timestamp":1.7684796584666834e+09,"_runtime":9655.254246057}