{"loss":1.6328843832015991,"_timestamp":1.7684646425602434e+09,"_runtime":34.986448381,"_step":199,"_wandb":{"runtime":34},"step":19900,"acc":48.20987654320987}