{"_wandb":{"runtime":32},"acc":48.23456790123457,"loss":0,"_timestamp":1.768442071014998e+09,"_runtime":32.626800939,"_step":0,"step":0}