{"step":199900,"acc":82,"loss":0.18824709951877594,"_timestamp":1.768478270272216e+09,"_runtime":8266.545028071,"_step":2037,"_wandb":{"runtime":8269}}