{"_wandb":{"runtime":6932},"_timestamp":1.768476932605217e+09,"_runtime":6929.372942575,"_step":2018,"step":199900,"acc":80.90123456790124,"loss":0.23925575613975525}