{"_runtime":8313.373161325,"_step":2056,"_wandb":{"runtime":8314},"step":199900,"acc":82.50617283950618,"loss":0.16241928935050964,"_timestamp":1.7684783168813558e+09}