{"_wandb":{"runtime":34},"step":19900,"acc":48.20987654320987,"loss":1.6328843832015991,"_timestamp":1.7684644675945764e+09,"_runtime":34.654260014,"_step":199}