{"_timestamp":1.7684768201235971e+09,"_runtime":6816.3924363,"_step":2094,"step":199900,"_wandb":{"runtime":6817},"acc":83.69135802469135,"loss":0.13036493957042694}