{"step":0,"_wandb":{"runtime":32},"acc":48.23456790123457,"loss":0,"_timestamp":1.7684692504907246e+09,"_runtime":32.949095583,"_step":0}