{"_step":0,"step":0,"acc":48.23456790123457,"_wandb":{"runtime":33},"loss":0,"_timestamp":1.7684637386736388e+09,"_runtime":32.991777361}